{
  "heart": {
    "bpm": 60.00002121730544,
    "targetBpm": 60.00001299018703,
    "drift": 0.002,
    "entropy": 0,
    "integrity": 99.98,
    "rhythm": "Stable"
  },
  "vitality": {
    "level": 100,
    "burnRate": 0.02,
    "recoveryMode": "Passive",
    "temp": 36.50000000000003,
    "isOverdrive": false
  },
  "neuro": {
    "dopamine": 50.000097315460515,
    "serotonin": 50.00003340096904,
    "cortisol": 9.999967591097754,
    "oxytocin": 50.000036076383005,
    "learningDelta": 0.019
  },
  "affect": {
    "current": "OBSERVING",
    "willVector": "WAITING",
    "inhibition": 45,
    "moodMomentum": "NEGATIVE",
    "lonelinessDelta": 2.0600000000000014,
    "socialRisk": "Low"
  },
  "cognition": {
    "load": 5.63154112081536e-14,
    "threads": 1,
    "decisionLag": 12,
    "attention": "Diffuse"
  },
  "evolution": {
    "xp": 5,
    "level": 12,
    "trajectory": "Adaptive Self-Expansion",
    "skillCrystallization": []
  },
  "cycle": {
    "stage": "DEEP_SLEEP",
    "uptime": 75350
  },
  "network": {
    "visitors": 1
  }
}